Current density,Specific surface area,N,Active mass loading,Pore volume,O,Rmic/mes,ID/IG,target
0.1,1546.1,3.52,1.0,0.5753,7.15,14.558,1.029,85.0
0.1,1315.2,3.79,1.0,0.5116,8.12,9.33,1.038,114.0
0.1,1140.8,3.29,2.5,0.86,21.55,0.157,0.82,90.2
0.25,1140.8,3.29,2.5,0.86,21.55,0.157,0.82,86.3
0.5,1140.8,3.29,2.5,0.86,21.55,0.157,0.82,79.9
1.0,1140.8,3.29,2.5,0.86,21.55,0.157,0.82,70.3
2.0,1140.8,3.29,2.5,0.86,21.55,0.157,0.82,64.8
5.0,1140.8,3.29,2.5,0.86,21.55,0.157,0.82,51.5
10.0,1140.8,3.29,2.5,0.86,21.55,0.157,0.82,38.5
20.0,1140.8,3.29,2.5,0.86,21.55,0.157,0.82,23.3
0.1,508.0,3.01,2.5,0.34,17.66,0.099,0.86,69.1
0.25,508.0,3.01,2.5,0.34,17.66,0.099,0.86,60.1
0.5,508.0,3.01,2.5,0.34,17.66,0.099,0.86,56.4
1.0,508.0,3.01,2.5,0.34,17.66,0.099,0.86,47.4
2.0,508.0,3.01,2.5,0.34,17.66,0.099,0.86,40.9
5.0,508.0,3.01,2.5,0.34,17.66,0.099,0.86,34.2
10.0,508.0,3.01,2.5,0.34,17.66,0.099,0.86,19.8
20.0,508.0,3.01,2.5,0.34,17.66,0.099,0.86,9.5
0.1,1384.7,2.82,2.5,0.97,16.08,0.17,0.89,136.3
0.25,1384.7,2.82,2.5,0.97,16.08,0.17,0.89,126.4
0.5,1384.7,2.82,2.5,0.97,16.08,0.17,0.89,120.3
1.0,1384.7,2.82,2.5,0.97,16.08,0.17,0.89,112.6
2.0,1384.7,2.82,2.5,0.97,16.08,0.17,0.89,108.4
5.0,1384.7,2.82,2.5,0.97,16.08,0.17,0.89,100.4
10.0,1384.7,2.82,2.5,0.97,16.08,0.17,0.89,94.5
20.0,1384.7,2.82,2.5,0.97,16.08,0.17,0.89,86.5
0.1,879.0,5.3,1.0,0.447,8.2,1.54,2.27,136.8
0.5,879.0,5.3,1.0,0.447,8.2,1.54,2.27,110.9
1.0,879.0,5.3,1.0,0.447,8.2,1.54,2.27,102.6
5.0,879.0,5.3,1.0,0.447,8.2,1.54,2.27,76.1
10.0,879.0,5.3,1.0,0.447,8.2,1.54,2.27,66.5
0.05,1640.1,1.49,2.0,1.41,5.68,0.489,0.95,109.66
0.1,1640.1,1.49,2.0,1.41,5.68,0.489,0.95,93.3
0.2,1640.1,1.49,2.0,1.41,5.68,0.489,0.95,84.6
0.3,1640.1,1.49,2.0,1.41,5.68,0.489,0.95,81.0
0.5,1640.1,1.49,2.0,1.41,5.68,0.489,0.95,76.3
1.0,1640.1,1.49,2.0,1.41,5.68,0.489,0.95,71.6
2.0,1640.1,1.49,2.0,1.41,5.68,0.489,0.95,67.6
3.0,1640.1,1.49,2.0,1.41,5.68,0.489,0.95,65.1
5.0,1640.1,1.49,2.0,1.41,5.68,0.489,0.95,62.4
10.0,1640.1,1.49,2.0,1.41,5.68,0.489,0.95,59.5
15.0,1640.1,1.49,2.0,1.41,5.68,0.489,0.95,58.4
20.0,1640.1,1.49,2.0,1.41,5.68,0.489,0.95,57.1
0.1,642.0,6.7,2.0,1.03,11.5,0.17,0.964,133.7
0.2,642.0,6.7,2.0,1.03,11.5,0.17,0.964,102.5
0.5,642.0,6.7,2.0,1.03,11.5,0.17,0.964,84.3
1.0,642.0,6.7,2.0,1.03,11.5,0.17,0.964,75.0
2.0,642.0,6.7,2.0,1.03,11.5,0.17,0.964,69.1
5.0,642.0,6.7,2.0,1.03,11.5,0.17,0.964,61.7
10.0,642.0,6.7,2.0,1.03,11.5,0.17,0.964,56.6
20.0,642.0,6.7,2.0,1.03,11.5,0.17,0.964,51.9
50.0,642.0,6.7,2.0,1.03,11.5,0.17,0.964,45.6
100.0,642.0,6.7,2.0,1.03,11.5,0.17,0.964,39.7
200.0,642.0,6.7,2.0,1.03,11.5,0.17,0.964,30.6
0.1,620.0,3.1,2.0,0.86,14.9,0.178,0.962,104.4
0.2,620.0,3.1,2.0,0.86,14.9,0.178,0.962,83.0
0.5,620.0,3.1,2.0,0.86,14.9,0.178,0.962,69.7
1.0,620.0,3.1,2.0,0.86,14.9,0.178,0.962,61.7
2.0,620.0,3.1,2.0,0.86,14.9,0.178,0.962,56.0
5.0,620.0,3.1,2.0,0.86,14.9,0.178,0.962,50.4
10.0,620.0,3.1,2.0,0.86,14.9,0.178,0.962,46.6
20.0,620.0,3.1,2.0,0.86,14.9,0.178,0.962,43.7
50.0,620.0,3.1,2.0,0.86,14.9,0.178,0.962,39.1
100.0,620.0,3.1,2.0,0.86,14.9,0.178,0.962,35.4
200.0,620.0,3.1,2.0,0.86,14.9,0.178,0.962,30.4
0.1,697.0,4.2,2.0,0.83,11.2,0.277,0.958,92.4
0.2,697.0,4.2,2.0,0.83,11.2,0.277,0.958,73.1
0.5,697.0,4.2,2.0,0.83,11.2,0.277,0.958,62.4
1.0,697.0,4.2,2.0,0.83,11.2,0.277,0.958,56.0
2.0,697.0,4.2,2.0,0.83,11.2,0.277,0.958,51.3
5.0,697.0,4.2,2.0,0.83,11.2,0.277,0.958,45.7
10.0,697.0,4.2,2.0,0.83,11.2,0.277,0.958,42.3
20.0,697.0,4.2,2.0,0.83,11.2,0.277,0.958,38.9
50.0,697.0,4.2,2.0,0.83,11.2,0.277,0.958,33.3
100.0,697.0,4.2,2.0,0.83,11.2,0.277,0.958,28.7
200.0,697.0,4.2,2.0,0.83,11.2,0.277,0.958,27.2
0.1,1530.9,8.29,2.4,0.96,12.04,0.627,0.86,204.7
0.2,1530.9,8.29,2.4,0.96,12.04,0.627,0.86,181.5
0.5,1530.9,8.29,2.4,0.96,12.04,0.627,0.86,165.9
1.0,1530.9,8.29,2.4,0.96,12.04,0.627,0.86,152.7
2.0,1530.9,8.29,2.4,0.96,12.04,0.627,0.86,141.1
5.0,1530.9,8.29,2.4,0.96,12.04,0.627,0.86,134.2
10.0,1530.9,8.29,2.4,0.96,12.04,0.627,0.86,128.6
0.1,544.83,3.95,2.0,0.26,20.61,4.783,0.96,134.5
0.2,544.83,3.95,2.0,0.26,20.61,4.783,0.96,110.2
0.4,544.83,3.95,2.0,0.26,20.61,4.783,0.96,93.0
0.5,544.83,3.95,2.0,0.26,20.61,4.783,0.96,86.7
1.0,544.83,3.95,2.0,0.26,20.61,4.783,0.96,72.9
2.0,544.83,3.95,2.0,0.26,20.61,4.783,0.96,57.0
3.0,544.83,3.95,2.0,0.26,20.61,4.783,0.96,48.0
4.0,544.83,3.95,2.0,0.26,20.61,4.783,0.96,41.5
0.1,648.22,3.51,2.0,0.32,18.15,4.516,1.01,156.54
0.2,648.22,3.51,2.0,0.32,18.15,4.516,1.01,132.3
0.3,648.22,3.51,2.0,0.32,18.15,4.516,1.01,111.55
0.4,648.22,3.51,2.0,0.32,18.15,4.516,1.01,105.4
0.5,648.22,3.51,2.0,0.32,18.15,4.516,1.01,98.5
1.0,648.22,3.51,2.0,0.32,18.15,4.516,1.01,86.8
2.0,648.22,3.51,2.0,0.32,18.15,4.516,1.01,70.5
3.0,648.22,3.51,2.0,0.32,18.15,4.516,1.01,59.2
4.0,648.22,3.51,2.0,0.32,18.15,4.516,1.01,51.8
0.1,225.22,1.8,2.0,0.1,15.17,6.714,1.08,84.5
0.2,225.22,1.8,2.0,0.1,15.17,6.714,1.08,63.4
0.4,225.22,1.8,2.0,0.1,15.17,6.714,1.08,50.7
0.5,225.22,1.8,2.0,0.1,15.17,6.714,1.08,45.0
1.0,225.22,1.8,2.0,0.1,15.17,6.714,1.08,34.5
2.0,225.22,1.8,2.0,0.1,15.17,6.714,1.08,24.5
3.0,225.22,1.8,2.0,0.1,15.17,6.714,1.08,19.7
4.0,225.22,1.8,2.0,0.1,15.17,6.714,1.08,17.0
0.2,2228.0,0.0,2.0,1.07,11.92,1.488,1.5,153.0
0.5,2228.0,0.0,2.0,1.07,11.92,1.488,1.5,125.0
1.0,2228.0,0.0,2.0,1.07,11.92,1.488,1.5,110.0
2.0,2228.0,0.0,2.0,1.07,11.92,1.488,1.5,98.0
5.0,2228.0,0.0,2.0,1.07,11.92,1.488,1.5,84.0
10.0,2228.0,0.0,2.0,1.07,11.92,1.488,1.5,75.0
0.5,947.0,2.53,1.5,0.54,5.5,1.0,0.855,117.9
20.0,947.0,2.53,1.5,0.54,5.5,1.0,0.855,71.0
0.5,1175.0,0.0,1.5,0.71,3.67,1.367,0.858,136.2
20.0,1175.0,0.0,1.5,0.71,3.67,1.367,0.858,75.9
0.5,899.0,2.37,1.5,0.52,10.41,0.576,0.856,165.9
20.0,899.0,2.37,1.5,0.52,10.41,0.576,0.856,110.9
0.1,1624.0,3.44,2.0,0.918,9.64,1.878,0.999,119.9
0.2,1624.0,3.44,2.0,0.918,9.64,1.878,0.999,108.3
0.5,1624.0,3.44,2.0,0.918,9.64,1.878,0.999,100.2
1.0,1624.0,3.44,2.0,0.918,9.64,1.878,0.999,94.6
2.0,1624.0,3.44,2.0,0.918,9.64,1.878,0.999,90.4
5.0,1624.0,3.44,2.0,0.918,9.64,1.878,0.999,84.8
20.0,1624.0,3.44,2.0,0.918,9.64,1.878,0.999,81.1
0.1,1949.0,1.64,2.0,1.133,8.42,0.845,0.917,159.9
0.2,1949.0,1.64,2.0,1.133,8.42,0.845,0.917,139.2
0.5,1949.0,1.64,10.0,1.133,8.42,0.845,0.917,124.8
1.0,1949.0,1.64,10.0,1.133,8.42,0.845,0.917,116.0
2.0,1949.0,1.64,10.0,1.133,8.42,0.845,0.917,109.9
5.0,1949.0,1.64,10.0,1.133,8.42,0.845,0.917,101.9
20.0,1949.0,1.64,10.0,1.133,8.42,0.845,0.917,94.0
0.1,2276.0,0.89,2.0,1.331,5.52,0.265,0.872,114.2
0.2,2276.0,0.89,2.0,1.331,5.52,0.265,0.872,104.8
0.5,2276.0,0.89,2.0,1.331,5.52,0.265,0.872,95.6
1.0,2276.0,0.89,2.0,1.331,5.52,0.265,0.872,90.0
2.0,2276.0,0.89,2.0,1.331,5.52,0.265,0.872,86.8
5.0,2276.0,0.89,2.0,1.331,5.52,0.265,0.872,82.4
20.0,2276.0,0.89,2.0,1.331,5.52,0.265,0.872,78.5
0.5,500.0,0.0,1.2,0.315,7.71,1.645,0.97,48.3
1.0,500.0,0.0,1.2,0.315,7.71,1.645,0.97,43.4
2.0,500.0,0.0,1.2,0.315,7.71,1.645,0.97,38.9
3.0,500.0,0.0,1.2,0.315,7.71,1.645,0.97,36.5
4.0,500.0,0.0,1.2,0.315,7.71,1.645,0.97,34.8
5.0,500.0,0.0,1.2,0.315,7.71,1.645,0.97,33.2
7.0,500.0,0.0,1.2,0.315,7.71,1.645,0.97,30.2
10.0,500.0,0.0,1.2,0.315,7.71,1.645,0.97,26.7
15.0,500.0,0.0,1.2,0.315,7.71,1.645,0.97,24.7
20.0,500.0,0.0,1.2,0.315,7.71,1.645,0.97,21.6
0.5,1020.0,0.0,1.2,0.721,8.06,1.36,1.1,177.7
1.0,1020.0,0.0,1.2,0.721,8.06,1.36,1.1,148.5
2.0,1020.0,0.0,1.2,0.721,8.06,1.36,1.1,135.5
3.0,1020.0,0.0,1.2,0.721,8.06,1.36,1.1,127.9
4.0,1020.0,0.0,1.2,0.721,8.06,1.36,1.1,122.1
5.0,1020.0,0.0,1.2,0.721,8.06,1.36,1.1,117.0
7.0,1020.0,0.0,1.2,0.721,8.06,1.36,1.1,107.5
10.0,1020.0,0.0,1.2,0.721,8.06,1.36,1.1,102.9
15.0,1020.0,0.0,1.2,0.721,8.06,1.36,1.1,91.3
20.0,1020.0,0.0,1.2,0.721,8.06,1.36,1.1,85.5
0.5,950.0,0.0,1.2,0.784,9.3,1.143,1.18,108.2
1.0,950.0,0.0,1.2,0.784,9.3,1.143,1.18,96.6
2.0,950.0,0.0,1.2,0.784,9.3,1.143,1.18,86.9
3.0,950.0,0.0,1.2,0.784,9.3,1.143,1.18,82.0
4.0,950.0,0.0,1.2,0.784,9.3,1.143,1.18,78.7
5.0,950.0,0.0,1.2,0.784,9.3,1.143,1.18,75.2
7.0,950.0,0.0,1.2,0.784,9.3,1.143,1.18,72.0
10.0,950.0,0.0,1.2,0.784,9.3,1.143,1.18,67.1
15.0,950.0,0.0,1.2,0.784,9.3,1.143,1.18,60.5
20.0,950.0,0.0,1.2,0.784,9.3,1.143,1.18,57.0
0.05,2465.9,1.59,2.0,1.29,6.99,1.115,0.912,108.5
0.1,2465.9,1.59,2.0,1.29,6.99,1.115,0.912,85.9
0.2,2465.9,1.59,2.0,1.29,6.99,1.115,0.912,73.1
0.3,2465.9,1.59,2.0,1.29,6.99,1.115,0.912,68.7
0.5,2465.9,1.59,2.0,1.29,6.99,1.115,0.912,65.0
1.0,2465.9,1.59,2.0,1.29,6.99,1.115,0.912,60.8
2.0,2465.9,1.59,2.0,1.29,6.99,1.115,0.912,55.3
3.0,2465.9,1.59,2.0,1.29,6.99,1.115,0.912,52.7
5.0,2465.9,1.59,2.0,1.29,6.99,1.115,0.912,49.2
10.0,2465.9,1.59,2.0,1.29,6.99,1.115,0.912,44.5
15.0,2465.9,1.59,2.0,1.29,6.99,1.115,0.912,41.6
20.0,2465.9,1.59,2.0,1.29,6.99,1.115,0.912,41.6
0.2,3082.0,1.93,1.5,1.42,7.87,1.152,1.72,142.7
0.5,3082.0,1.93,1.5,1.42,7.87,1.152,1.72,125.0
1.0,3082.0,1.93,1.5,1.42,7.87,1.152,1.72,109.6
2.0,3082.0,1.93,1.5,1.42,7.87,1.152,1.72,97.2
3.0,3082.0,1.93,1.5,1.42,7.87,1.152,1.72,89.9
5.0,3082.0,1.93,1.5,1.42,7.87,1.152,1.72,82.7
0.1,844.0,9.7,1.0,0.41,3.9,3.419,0.99,189.4
0.2,844.0,9.7,1.0,0.41,3.9,3.419,0.99,154.5
0.5,844.0,9.7,1.0,0.41,3.9,3.419,0.99,131.5
1.0,844.0,9.7,1.0,0.41,3.9,3.419,0.99,130.4
2.0,844.0,9.7,1.0,0.41,3.9,3.419,0.99,117.9
3.0,844.0,9.7,1.0,0.41,3.9,3.419,0.99,112.3
4.0,844.0,9.7,1.0,0.41,3.9,3.419,0.99,107.7
5.0,844.0,9.7,1.0,0.41,3.9,3.419,0.99,104.9
7.0,844.0,9.7,1.0,0.41,3.9,3.419,0.99,102.2
10.0,844.0,9.7,1.0,0.41,3.9,3.419,0.99,100.3
0.2,972.4,1.09,2.5,1.67,4.81,0.21,0.82,104.9
0.5,972.4,1.09,2.5,1.67,4.81,0.21,0.82,91.0
1.0,972.4,1.09,2.5,1.67,4.81,0.21,0.82,84.9
2.0,972.4,1.09,2.5,1.67,4.81,0.21,0.82,78.2
3.0,972.4,1.09,2.5,1.67,4.81,0.21,0.82,74.2
4.0,972.4,1.09,2.5,1.67,4.81,0.21,0.82,70.8
5.0,972.4,1.09,2.5,1.67,4.81,0.21,0.82,68.5
10.0,972.4,1.09,2.5,1.67,4.81,0.21,0.82,60.3
15.0,972.4,1.09,2.5,1.67,4.81,0.21,0.82,56.5
20.0,972.4,1.09,2.5,1.67,4.81,0.21,0.82,52.1
30.0,972.4,1.09,2.5,1.67,4.81,0.21,0.82,44.8
0.2,1666.8,1.74,2.5,2.42,4.89,0.136,0.88,132.9
0.5,1666.8,1.74,2.5,2.42,4.89,0.136,0.88,114.4
1.0,1666.8,1.74,2.5,2.42,4.89,0.136,0.88,108.9
2.0,1666.8,1.74,2.5,2.42,4.89,0.136,0.88,99.4
3.0,1666.8,1.74,2.5,2.42,4.89,0.136,0.88,95.6
4.0,1666.8,1.74,2.5,2.42,4.89,0.136,0.88,91.1
5.0,1666.8,1.74,2.5,2.42,4.89,0.136,0.88,89.9
10.0,1666.8,1.74,2.5,2.42,4.89,0.136,0.88,83.3
15.0,1666.8,1.74,2.5,2.42,4.89,0.136,0.88,80.8
20.0,1666.8,1.74,2.5,2.42,4.89,0.136,0.88,76.6
30.0,1666.8,1.74,2.5,2.42,4.89,0.136,0.88,73.3
40.0,1666.8,1.74,2.5,2.42,4.89,0.136,0.88,68.8
50.0,1666.8,1.74,2.5,2.42,4.89,0.136,0.88,65.2
0.2,1301.6,2.75,2.5,3.04,6.42,0.074,0.92,67.8
0.5,1301.6,2.75,2.5,3.04,6.42,0.074,0.92,59.8
1.0,1301.6,2.75,2.5,3.04,6.42,0.074,0.92,56.8
2.0,1301.6,2.75,2.5,3.04,6.42,0.074,0.92,53.2
3.0,1301.6,2.75,2.5,3.04,6.42,0.074,0.92,51.7
4.0,1301.6,2.75,2.5,3.04,6.42,0.074,0.92,49.9
5.0,1301.6,2.75,2.5,3.04,6.42,0.074,0.92,49.2
10.0,1301.6,2.75,2.5,3.04,6.42,0.074,0.92,45.5
15.0,1301.6,2.75,2.5,3.04,6.42,0.074,0.92,43.7
20.0,1301.6,2.75,2.5,3.04,6.42,0.074,0.92,41.1
30.0,1301.6,2.75,2.5,3.04,6.42,0.074,0.92,37.4
0.05,2085.1,0.0,2.0,1.72,11.57,0.194,0.86,181.67
0.1,2085.1,0.0,2.0,1.72,11.57,0.194,0.86,132.7
0.2,2085.1,0.0,2.0,1.72,11.57,0.194,0.86,116.9
0.3,2085.1,0.0,2.0,1.72,11.57,0.194,0.86,106.1
0.5,2085.1,0.0,2.0,1.72,11.57,0.194,0.86,98.3
1.0,2085.1,0.0,2.0,1.72,11.57,0.194,0.86,91.1
2.0,2085.1,0.0,2.0,1.72,11.57,0.194,0.86,84.9
3.0,2085.1,0.0,2.0,1.72,11.57,0.194,0.86,81.9
5.0,2085.1,0.0,2.0,1.72,11.57,0.194,0.86,78.2
10.0,2085.1,0.0,2.0,1.72,11.57,0.194,0.86,73.5
15.0,2085.1,0.0,2.0,1.72,11.57,0.194,0.86,68.9
20.0,2085.1,0.0,2.0,1.72,11.57,0.194,0.86,66.71
0.1,1644.0,0.0,1.77,0.96,4.77,1.33,1.06,52.9
0.2,1644.0,0.0,1.77,0.96,4.77,1.33,1.06,48.7
0.5,1644.0,0.0,1.77,0.96,4.77,1.33,1.06,43.8
1.0,1644.0,0.0,1.77,0.96,4.77,1.33,1.06,40.0
2.0,1644.0,0.0,1.77,0.96,4.77,1.33,1.06,36.5
5.0,1644.0,0.0,1.77,0.96,4.77,1.33,1.06,31.4
10.0,1644.0,0.0,1.77,0.96,4.77,1.33,1.06,26.9
20.0,1644.0,0.0,1.77,0.96,4.77,1.33,1.06,21.4
0.1,2038.0,2.62,1.77,1.29,4.43,0.497,1.12,103.2
0.2,2038.0,2.62,1.77,1.29,4.43,0.497,1.12,93.7
0.5,2038.0,2.62,1.77,1.29,4.43,0.497,1.12,85.3
1.0,2038.0,2.62,1.77,1.29,4.43,0.497,1.12,80.3
2.0,2038.0,2.62,1.77,1.29,4.43,0.497,1.12,74.7
5.0,2038.0,2.62,1.77,1.29,4.43,0.497,1.12,68.2
10.0,2038.0,2.62,1.77,1.29,4.43,0.497,1.12,61.0
20.0,2038.0,2.62,1.77,1.29,4.43,0.497,1.12,52.8
0.1,761.62,0.0,1.2,0.9097,7.94,1.224,0.98,42.8
0.1,614.34,0.0,1.2,0.9263,3.0,0.947,1.01,83.2
0.1,1055.0,3.1,1.0,0.95,9.1,0.583,1.06,230.0
0.2,1055.0,3.1,1.0,0.95,9.1,0.583,1.06,165.0
0.5,1055.0,3.1,1.0,0.95,9.1,0.583,1.06,150.0
1.0,1055.0,3.1,1.0,0.95,9.1,0.583,1.06,137.0
2.0,1055.0,3.1,1.0,0.95,9.1,0.583,1.06,127.0
5.0,1055.0,3.1,1.0,0.95,9.1,0.583,1.06,122.0
10.0,1055.0,3.1,1.0,0.95,9.1,0.583,1.06,118.0
1.0,1613.9,1.98,10.0,0.93,11.79,11.4,0.98,233.0
2.0,1613.9,1.98,10.0,0.93,11.79,11.4,0.98,212.0
5.0,1613.9,1.98,10.0,0.93,11.79,11.4,0.98,180.5
10.0,1613.9,1.98,10.0,0.93,11.79,11.4,0.98,152.5
20.0,1613.9,1.98,10.0,0.93,11.79,11.4,0.98,124.0
50.0,1613.9,1.98,10.0,0.93,11.79,11.4,0.98,83.0
0.5,1843.0,7.2,1.0,1.1,6.1,0.447,1.01,181.0
1.0,1843.0,7.2,1.0,1.1,6.1,0.447,1.01,153.3
2.0,1843.0,7.2,1.0,1.1,6.1,0.447,1.01,137.2
3.0,1843.0,7.2,1.0,1.1,6.1,0.447,1.01,130.2
5.0,1843.0,7.2,1.0,1.1,6.1,0.447,1.01,121.7
10.0,1843.0,7.2,1.0,1.1,6.1,0.447,1.01,110.4
15.0,1843.0,7.2,1.0,1.1,6.1,0.447,1.01,104.0
0.5,543.0,6.3,1.0,0.9,4.2,0.125,0.99,110.0
1.0,543.0,6.3,1.0,0.9,4.2,0.125,0.99,97.8
2.0,543.0,6.3,1.0,0.9,4.2,0.125,0.99,89.8
3.0,543.0,6.3,1.0,0.9,4.2,0.125,0.99,84.9
5.0,543.0,6.3,1.0,0.9,4.2,0.125,0.99,78.4
10.0,543.0,6.3,1.0,0.9,4.2,0.125,0.99,67.2
15.0,543.0,6.3,1.0,0.9,4.2,0.125,0.99,58.2
0.5,1454.0,5.7,1.0,0.83,10.8,0.122,1.05,98.0
1.0,1454.0,5.7,1.0,0.83,10.8,0.122,1.05,81.7
2.0,1454.0,5.7,1.0,0.83,10.8,0.122,1.05,72.2
3.0,1454.0,5.7,1.0,0.83,10.8,0.122,1.05,67.0
5.0,1454.0,5.7,1.0,0.83,10.8,0.122,1.05,60.7
10.0,1454.0,5.7,1.0,0.83,10.8,0.122,1.05,50.9
15.0,1454.0,5.7,1.0,0.83,10.8,0.122,1.05,45.1
0.1,599.3,2.79,1.5,0.276,11.18,2.366,0.81,79.4
0.2,599.3,2.79,1.5,0.276,11.18,2.366,0.81,70.3
0.5,599.3,2.79,1.5,0.276,11.18,2.366,0.81,59.8
1.0,599.3,2.79,1.5,0.276,11.18,2.366,0.81,50.8
2.0,599.3,2.79,1.5,0.276,11.18,2.366,0.81,41.6
5.0,599.3,2.79,1.5,0.276,11.18,2.366,0.81,28.8
10.0,599.3,2.79,1.5,0.276,11.18,2.366,0.81,22.9
0.2,1021.0,6.25,10.0,1.07,9.33,1.89,0.84,122.3
0.5,1021.0,6.25,10.0,1.07,9.33,1.89,0.84,108.1
1.0,1021.0,6.25,10.0,1.07,9.33,1.89,0.84,103.8
2.0,1021.0,6.25,10.0,1.07,9.33,1.89,0.84,94.2
5.0,1021.0,6.25,10.0,1.07,9.33,1.89,0.84,85.6
10.0,1021.0,6.25,10.0,1.07,9.33,1.89,0.84,76.0
20.0,1021.0,6.25,10.0,1.07,9.33,1.89,0.84,59.1
0.2,1685.0,8.12,10.0,1.2,8.0,0.508,0.85,153.8
0.5,1685.0,8.12,10.0,1.2,8.0,0.508,0.85,146.9
1.0,1685.0,8.12,10.0,1.2,8.0,0.508,0.85,127.3
2.0,1685.0,8.12,10.0,1.2,8.0,0.508,0.85,117.0
5.0,1685.0,8.12,10.0,1.2,8.0,0.508,0.85,108.7
10.0,1685.0,8.12,10.0,1.2,8.0,0.508,0.85,95.5
20.0,1685.0,8.12,10.0,1.2,8.0,0.508,0.85,82.3
0.2,2370.0,7.83,10.0,2.18,9.75,0.319,0.85,250.0
0.5,2370.0,7.83,10.0,2.18,9.75,0.319,0.85,217.5
1.0,2370.0,7.83,10.0,2.18,9.75,0.319,0.85,184.3
2.0,2370.0,7.83,10.0,2.18,9.75,0.319,0.85,163.5
5.0,2370.0,7.83,10.0,2.18,9.75,0.319,0.85,156.8
10.0,2370.0,7.83,10.0,2.18,9.75,0.319,0.85,151.9
20.0,2370.0,7.83,10.0,2.18,9.75,0.319,0.85,149.2
0.2,2370.0,7.83,5.0,2.18,9.75,0.319,0.85,268.0
0.2,2370.0,7.83,20.0,2.18,9.75,0.319,0.85,210.0
0.2,494.0,12.14,1.0,0.27,4.41,1.7,3.1,138.5
0.5,494.0,12.14,1.0,0.27,4.41,1.7,3.1,112.9
1.0,494.0,12.14,1.0,0.27,4.41,1.7,3.1,98.1
2.0,494.0,12.14,1.0,0.27,4.41,1.7,3.1,89.3
5.0,494.0,12.14,1.0,0.27,4.41,1.7,3.1,77.6
10.0,494.0,12.14,1.0,0.27,4.41,1.7,3.1,69.0
20.0,494.0,12.14,1.0,0.27,4.41,1.7,3.1,61.8
40.0,494.0,12.14,1.0,0.27,4.41,1.7,3.1,48.7
60.0,494.0,12.14,1.0,0.27,4.41,1.7,3.1,38.7
80.0,494.0,12.14,1.0,0.27,4.41,1.7,3.1,28.8
0.2,642.0,5.19,1.0,0.58,5.51,0.184,3.5,149.9
0.5,642.0,5.19,1.0,0.58,5.51,0.184,3.5,128.2
1.0,642.0,5.19,1.0,0.58,5.51,0.184,3.5,112.4
2.0,642.0,5.19,1.0,0.58,5.51,0.184,3.5,102.5
5.0,642.0,5.19,1.0,0.58,5.51,0.184,3.5,90.9
10.0,642.0,5.19,1.0,0.58,5.51,0.184,3.5,83.2
20.0,642.0,5.19,1.0,0.58,5.51,0.184,3.5,73.8
40.0,642.0,5.19,1.0,0.58,5.51,0.184,3.5,63.3
60.0,642.0,5.19,1.0,0.58,5.51,0.184,3.5,55.4
80.0,642.0,5.19,1.0,0.58,5.51,0.184,3.5,46.9
0.2,1702.0,6.67,1.0,1.29,11.74,0.675,4.4,212.0
0.5,1702.0,6.67,1.0,1.29,11.74,0.675,4.4,189.9
1.0,1702.0,6.67,1.0,1.29,11.74,0.675,4.4,171.8
2.0,1702.0,6.67,1.0,1.29,11.74,0.675,4.4,155.1
5.0,1702.0,6.67,1.0,1.29,11.74,0.675,4.4,145.9
10.0,1702.0,6.67,1.0,1.29,11.74,0.675,4.4,134.2
20.0,1702.0,6.67,1.0,1.29,11.74,0.675,4.4,126.2
40.0,1702.0,6.67,1.0,1.29,11.74,0.675,4.4,114.0
60.0,1702.0,6.67,1.0,1.29,11.74,0.675,4.4,104.4
80.0,1702.0,6.67,1.0,1.29,11.74,0.675,4.4,93.4
0.2,1702.0,6.67,3.0,1.29,11.74,0.675,4.4,174.9
0.2,1702.0,6.67,5.0,1.29,11.74,0.675,4.4,157.2
0.2,1702.0,6.67,10.0,1.29,11.74,0.675,4.4,134.0
0.2,1702.0,6.67,20.0,1.29,11.74,0.675,4.4,107.2
0.2,1702.0,6.67,40.0,1.29,11.74,0.675,4.4,87.7
0.2,1398.16,0.53,1.0,0.79,7.41,2.03846153846154,0.7,94.6
0.5,1398.16,0.53,1.0,0.79,7.41,2.03846153846154,0.7,84.0
0.8,1398.16,0.53,1.0,0.79,7.41,2.03846153846154,0.7,80.3
1.0,1398.16,0.53,1.0,0.79,7.41,2.03846153846154,0.7,77.9
2.0,1398.16,0.53,1.0,0.79,7.41,2.03846153846154,0.7,75.0
5.0,1398.16,0.53,1.0,0.79,7.41,2.03846153846154,0.7,71.3
8.0,1398.16,0.53,1.0,0.79,7.41,2.03846153846154,0.7,67.5
10.0,1398.16,0.53,1.0,0.79,7.41,2.03846153846154,0.7,65.7
0.2,2363.18,2.16,1.0,1.33,6.75,0.6625,0.79,135.3
0.5,2363.18,2.16,1.0,1.33,6.75,0.6625,0.79,110.1
0.8,2363.18,2.16,1.0,1.33,6.75,0.6625,0.79,102.2
1.0,2363.18,2.16,1.0,1.33,6.75,0.6625,0.79,99.2
2.0,2363.18,2.16,1.0,1.33,6.75,0.6625,0.79,92.6
5.0,2363.18,2.16,1.0,1.33,6.75,0.6625,0.79,86.7
8.0,2363.18,2.16,1.0,1.33,6.75,0.6625,0.79,83.9
10.0,2363.18,2.16,1.0,1.33,6.75,0.6625,0.79,82.0
0.2,803.95,3.74,1.0,0.53,10.36,1.94444444444444,0.75,144.6
0.5,803.95,3.74,1.0,0.53,10.36,1.94444444444444,0.75,122.9
0.8,803.95,3.74,1.0,0.53,10.36,1.94444444444444,0.75,112.8
1.0,803.95,3.74,1.0,0.53,10.36,1.94444444444444,0.75,107.1
2.0,803.95,3.74,1.0,0.53,10.36,1.94444444444444,0.75,96.7
5.0,803.95,3.74,1.0,0.53,10.36,1.94444444444444,0.75,85.6
8.0,803.95,3.74,1.0,0.53,10.36,1.94444444444444,0.75,77.1
10.0,803.95,3.74,1.0,0.53,10.36,1.94444444444444,0.75,73.1
0.2,1678.38,1.57,1.0,1.04,6.89,1.08,0.82,185.3
0.5,1678.38,1.57,1.0,1.04,6.89,1.08,0.82,134.8
0.8,1678.38,1.57,1.0,1.04,6.89,1.08,0.82,125.0
1.0,1678.38,1.57,1.0,1.04,6.89,1.08,0.82,119.7
2.0,1678.38,1.57,1.0,1.04,6.89,1.08,0.82,111.3
5.0,1678.38,1.57,1.0,1.04,6.89,1.08,0.82,101.5
8.0,1678.38,1.57,1.0,1.04,6.89,1.08,0.82,98.6
10.0,1678.38,1.57,1.0,1.04,6.89,1.08,0.82,95.2
0.2,1590.46,2.86,1.0,1.32,5.49,0.0645161290322581,0.71,84.0
0.5,1590.46,2.86,1.0,1.32,5.49,0.0645161290322581,0.71,69.1
0.8,1590.46,2.86,1.0,1.32,5.49,0.0645161290322581,0.71,64.9
1.0,1590.46,2.86,1.0,1.32,5.49,0.0645161290322581,0.71,63.0
2.0,1590.46,2.86,1.0,1.32,5.49,0.0645161290322581,0.71,58.8
5.0,1590.46,2.86,1.0,1.32,5.49,0.0645161290322581,0.71,56.9
8.0,1590.46,2.86,1.0,1.32,5.49,0.0645161290322581,0.71,55.1
10.0,1590.46,2.86,1.0,1.32,5.49,0.0645161290322581,0.71,53.2
0.3,3252.6,0.0,1.0,3.428,3.37,0.110463232912213,1.02,98.2
0.5,3252.6,0.0,1.0,3.428,3.37,0.110463232912213,1.02,94.2
1.0,3252.6,0.0,1.0,3.428,3.37,0.110463232912213,1.02,89.5
3.0,3252.6,0.0,1.0,3.428,3.37,0.110463232912213,1.02,80.1
5.0,3252.6,0.0,1.0,3.428,3.37,0.110463232912213,1.02,76.2
8.0,3252.6,0.0,1.0,3.428,3.37,0.110463232912213,1.02,73.0
10.0,3252.6,0.0,1.0,3.428,3.37,0.110463232912213,1.02,67.9
20.0,3252.6,0.0,1.0,3.428,3.37,0.110463232912213,1.02,61.2
30.0,3252.6,0.0,1.0,3.428,3.37,0.110463232912213,1.02,56.4
0.3,1687.1,0.95,1.0,1.75,2.75,0.101321585903084,1.11,111.6
0.5,1687.1,0.95,1.0,1.75,2.75,0.101321585903084,1.11,105.1
1.0,1687.1,0.95,1.0,1.75,2.75,0.101321585903084,1.11,102.0
3.0,1687.1,0.95,1.0,1.75,2.75,0.101321585903084,1.11,96.6
5.0,1687.1,0.95,1.0,1.75,2.75,0.101321585903084,1.11,92.4
8.0,1687.1,0.95,1.0,1.75,2.75,0.101321585903084,1.11,90.0
10.0,1687.1,0.95,1.0,1.75,2.75,0.101321585903084,1.11,88.5
20.0,1687.1,0.95,1.0,1.75,2.75,0.101321585903084,1.11,79.9
30.0,1687.1,0.95,1.0,1.75,2.75,0.101321585903084,1.11,72.4
0.3,2330.9,2.99,1.0,2.756,1.91,0.105052125100241,1.24,125.3
0.5,2330.9,2.99,1.0,2.756,1.91,0.105052125100241,1.24,117.3
1.0,2330.9,2.99,1.0,2.756,1.91,0.105052125100241,1.24,115.3
3.0,2330.9,2.99,1.0,2.756,1.91,0.105052125100241,1.24,105.9
5.0,2330.9,2.99,1.0,2.756,1.91,0.105052125100241,1.24,99.8
8.0,2330.9,2.99,1.0,2.756,1.91,0.105052125100241,1.24,97.5
10.0,2330.9,2.99,1.0,2.756,1.91,0.105052125100241,1.24,94.5
20.0,2330.9,2.99,1.0,2.756,1.91,0.105052125100241,1.24,88.9
30.0,2330.9,2.99,1.0,2.756,1.91,0.105052125100241,1.24,83.1
0.3,1317.4,1.3,1.0,1.384,1.9,0.126118795768918,1.05,107.6
0.5,1317.4,1.3,1.0,1.384,1.9,0.126118795768918,1.05,103.0
1.0,1317.4,1.3,1.0,1.384,1.9,0.126118795768918,1.05,99.7
3.0,1317.4,1.3,1.0,1.384,1.9,0.126118795768918,1.05,91.6
5.0,1317.4,1.3,1.0,1.384,1.9,0.126118795768918,1.05,88.7
8.0,1317.4,1.3,1.0,1.384,1.9,0.126118795768918,1.05,82.4
10.0,1317.4,1.3,1.0,1.384,1.9,0.126118795768918,1.05,79.6
20.0,1317.4,1.3,1.0,1.384,1.9,0.126118795768918,1.05,71.9
30.0,1317.4,1.3,1.0,1.384,1.9,0.126118795768918,1.05,63.1
0.5,1667.33,0.0,1.5,1.23,9.92,1.14,1.1,101.2
1.0,1667.33,0.0,1.5,1.23,9.92,1.14,1.1,92.4
2.0,1667.33,0.0,1.5,1.23,9.92,1.14,1.1,84.3
3.0,1667.33,0.0,1.5,1.23,9.92,1.14,1.1,79.8
4.0,1667.33,0.0,1.5,1.23,9.92,1.14,1.1,77.2
5.0,1667.33,0.0,1.5,1.23,9.92,1.14,1.1,75.8
10.0,1667.33,0.0,1.5,1.23,9.92,1.14,1.1,68.2
20.0,1667.33,0.0,1.5,1.23,9.92,1.14,1.1,61.0
0.5,1886.8,0.0,1.5,1.23,9.53,1.278,1.13,113.3
1.0,1886.8,0.0,1.5,1.23,9.53,1.278,1.13,104.9
2.0,1886.8,0.0,1.5,1.23,9.53,1.278,1.13,97.5
3.0,1886.8,0.0,1.5,1.23,9.53,1.278,1.13,93.4
4.0,1886.8,0.0,1.5,1.23,9.53,1.278,1.13,89.9
5.0,1886.8,0.0,1.5,1.23,9.53,1.278,1.13,87.0
10.0,1886.8,0.0,1.5,1.23,9.53,1.278,1.13,78.5
20.0,1886.8,0.0,1.5,1.23,9.53,1.278,1.13,66.0
0.5,2295.25,0.8,1.5,1.63,9.44,1.264,1.18,114.1
1.0,2295.25,0.8,1.5,1.63,9.44,1.264,1.18,103.4
2.0,2295.25,0.8,1.5,1.63,9.44,1.264,1.18,94.5
3.0,2295.25,0.8,1.5,1.63,9.44,1.264,1.18,90.0
4.0,2295.25,0.8,1.5,1.63,9.44,1.264,1.18,86.4
5.0,2295.25,0.8,1.5,1.63,9.44,1.264,1.18,84.0
10.0,2295.25,0.8,1.5,1.63,9.44,1.264,1.18,74.4
20.0,2295.25,0.8,1.5,1.63,9.44,1.264,1.18,62.2
0.5,2773.02,1.32,1.5,1.91,9.05,1.358,1.19,135.0
1.0,2773.02,1.32,1.5,1.91,9.05,1.358,1.19,120.8
2.0,2773.02,1.32,1.5,1.91,9.05,1.358,1.19,106.0
3.0,2773.02,1.32,1.5,1.91,9.05,1.358,1.19,100.5
4.0,2773.02,1.32,1.5,1.91,9.05,1.358,1.19,97.1
5.0,2773.02,1.32,1.5,1.91,9.05,1.358,1.19,95.0
10.0,2773.02,1.32,1.5,1.91,9.05,1.358,1.19,88.8
20.0,2773.02,1.32,1.5,1.91,9.05,1.358,1.19,81.6
0.1,670.0,5.41,1.5,0.72,9.71,3.071,1.89,122.4
0.2,670.0,5.41,1.5,0.72,9.71,3.071,1.89,92.4
0.5,670.0,5.41,1.5,0.72,9.71,3.071,1.89,79.7
1.0,670.0,5.41,1.5,0.72,9.71,3.071,1.89,72.7
2.0,670.0,5.41,1.5,0.72,9.71,3.071,1.89,68.4
5.0,670.0,5.41,1.5,0.72,9.71,3.071,1.89,61.1
10.0,670.0,5.41,1.5,0.72,9.71,3.071,1.89,55.7
20.0,670.0,5.41,1.5,0.72,9.71,3.071,1.89,49.1
40.0,670.0,5.41,1.5,0.72,9.71,3.071,1.89,43.7
50.0,670.0,5.41,1.5,0.72,9.71,3.071,1.89,42.2
0.1,1777.0,3.67,1.5,1.56,7.21,2.308,2.0,153.4
0.2,1777.0,3.67,1.5,1.56,7.21,2.308,2.0,117.6
0.5,1777.0,3.67,1.5,1.56,7.21,2.308,2.0,101.3
1.0,1777.0,3.67,1.5,1.56,7.21,2.308,2.0,93.9
2.0,1777.0,3.67,1.5,1.56,7.21,2.308,2.0,90.1
5.0,1777.0,3.67,1.5,1.56,7.21,2.308,2.0,83.1
10.0,1777.0,3.67,1.5,1.56,7.21,2.308,2.0,77.7
20.0,1777.0,3.67,1.5,1.56,7.21,2.308,2.0,72.3
40.0,1777.0,3.67,1.5,1.56,7.21,2.308,2.0,66.9
50.0,1777.0,3.67,1.5,1.56,7.21,2.308,2.0,64.2
0.1,2511.0,2.41,1.5,2.17,8.35,1.173,2.07,191.4
0.2,2511.0,2.41,1.5,2.17,8.35,1.173,2.07,167.7
0.5,2511.0,2.41,1.5,2.17,8.35,1.173,2.07,149.1
1.0,2511.0,2.41,1.5,2.17,8.35,1.173,2.07,138.4
2.0,2511.0,2.41,1.5,2.17,8.35,1.173,2.07,130.8
5.0,2511.0,2.41,1.5,2.17,8.35,1.173,2.07,123.6
10.0,2511.0,2.41,1.5,2.17,8.35,1.173,2.07,116.7
20.0,2511.0,2.41,1.5,2.17,8.35,1.173,2.07,113.8
40.0,2511.0,2.41,1.5,2.17,8.35,1.173,2.07,105.6
50.0,2511.0,2.41,1.5,2.17,8.35,1.173,2.07,99.9
0.1,2353.0,2.3,1.5,2.14,6.98,0.779,2.18,158.6
0.2,2353.0,2.3,1.5,2.14,6.98,0.779,2.18,127.2
0.5,2353.0,2.3,1.5,2.14,6.98,0.779,2.18,112.1
1.0,2353.0,2.3,1.5,2.14,6.98,0.779,2.18,104.0
2.0,2353.0,2.3,1.5,2.14,6.98,0.779,2.18,99.3
5.0,2353.0,2.3,1.5,2.14,6.98,0.779,2.18,91.6
10.0,2353.0,2.3,1.5,2.14,6.98,0.779,2.18,86.2
20.0,2353.0,2.3,1.5,2.14,6.98,0.779,2.18,81.6
40.0,2353.0,2.3,1.5,2.14,6.98,0.779,2.18,76.1
50.0,2353.0,2.3,1.5,2.14,6.98,0.779,2.18,73.9
0.1,3139.2,2.61,1.0,1.74,15.55,1.25974025974026,1.02,189.4
0.2,3139.2,2.61,1.0,1.74,15.55,1.25974025974026,1.02,155.0
0.5,3139.2,2.61,1.0,1.74,15.55,1.25974025974026,1.02,136.6
1.0,3139.2,2.61,1.0,1.74,15.55,1.25974025974026,1.02,126.1
2.0,3139.2,2.61,1.0,1.74,15.55,1.25974025974026,1.02,117.1
3.0,3139.2,2.61,1.0,1.74,15.55,1.25974025974026,1.02,112.5
4.0,3139.2,2.61,1.0,1.74,15.55,1.25974025974026,1.02,109.3
5.0,3139.2,2.61,1.0,1.74,15.55,1.25974025974026,1.02,106.7
7.0,3139.2,2.61,1.0,1.74,15.55,1.25974025974026,1.02,103.6
10.0,3139.2,2.61,1.0,1.74,15.55,1.25974025974026,1.02,100.0
14.0,3139.2,2.61,1.0,1.74,15.55,1.25974025974026,1.02,97.2
20.0,3139.2,2.61,1.0,1.74,15.55,1.25974025974026,1.02,94.2
50.0,3139.2,2.61,1.0,1.74,15.55,1.25974025974026,1.02,84.2
70.0,3139.2,2.61,1.0,1.74,15.55,1.25974025974026,1.02,66.9
100.0,3139.2,2.61,1.0,1.74,15.55,1.25974025974026,1.02,59.4
0.1,3224.9,3.05,1.0,1.93,12.89,0.93,0.94,225.3
0.2,3224.9,3.05,1.0,1.93,12.89,0.93,0.94,196.8
0.5,3224.9,3.05,1.0,1.93,12.89,0.93,0.94,174.3
1.0,3224.9,3.05,1.0,1.93,12.89,0.93,0.94,161.1
2.0,3224.9,3.05,1.0,1.93,12.89,0.93,0.94,150.8
3.0,3224.9,3.05,1.0,1.93,12.89,0.93,0.94,144.4
4.0,3224.9,3.05,1.0,1.93,12.89,0.93,0.94,141.2
5.0,3224.9,3.05,1.0,1.93,12.89,0.93,0.94,138.6
7.0,3224.9,3.05,1.0,1.93,12.89,0.93,0.94,134.0
10.0,3224.9,3.05,1.0,1.93,12.89,0.93,0.94,129.3
14.0,3224.9,3.05,1.0,1.93,12.89,0.93,0.94,124.5
20.0,3224.9,3.05,1.0,1.93,12.89,0.93,0.94,118.7
50.0,3224.9,3.05,1.0,1.93,12.89,0.93,0.94,103.0
70.0,3224.9,3.05,1.0,1.93,12.89,0.93,0.94,88.8
100.0,3224.9,3.05,1.0,1.93,12.89,0.93,0.94,73.8
0.1,2993.2,2.44,1.0,1.71,10.45,1.1375,0.91,193.0
0.2,2993.2,2.44,1.0,1.71,10.45,1.1375,0.91,160.1
0.5,2993.2,2.44,1.0,1.71,10.45,1.1375,0.91,141.2
1.0,2993.2,2.44,1.0,1.71,10.45,1.1375,0.91,129.3
2.0,2993.2,2.44,1.0,1.71,10.45,1.1375,0.91,120.9
3.0,2993.2,2.44,1.0,1.71,10.45,1.1375,0.91,116.7
4.0,2993.2,2.44,1.0,1.71,10.45,1.1375,0.91,112.9
5.0,2993.2,2.44,1.0,1.71,10.45,1.1375,0.91,110.9
7.0,2993.2,2.44,1.0,1.71,10.45,1.1375,0.91,108.3
10.0,2993.2,2.44,1.0,1.71,10.45,1.1375,0.91,104.5
14.0,2993.2,2.44,1.0,1.71,10.45,1.1375,0.91,102.0
20.0,2993.2,2.44,1.0,1.71,10.45,1.1375,0.91,99.4
50.0,2993.2,2.44,1.0,1.71,10.45,1.1375,0.91,91.0
70.0,2993.2,2.44,1.0,1.71,10.45,1.1375,0.91,79.4
100.0,2993.2,2.44,1.0,1.71,10.45,1.1375,0.91,70.2
0.1,2691.29,1.6,1.1,1.77,6.2,0.487394957983193,1.088,189.3
0.2,2691.29,1.6,1.1,1.77,6.2,0.487394957983193,1.088,160.1
0.5,2691.29,1.6,1.1,1.77,6.2,0.487394957983193,1.088,133.8
1.0,2691.29,1.6,1.1,1.77,6.2,0.487394957983193,1.088,123.8
2.0,2691.29,1.6,1.1,1.77,6.2,0.487394957983193,1.088,116.1
5.0,2691.29,1.6,1.1,1.77,6.2,0.487394957983193,1.088,106.5
10.0,2691.29,1.6,1.1,1.77,6.2,0.487394957983193,1.088,101.1
20.0,2691.29,1.6,1.1,1.77,6.2,0.487394957983193,1.088,96.7
0.5,1500.0,0.0,2.0,0.78,8.2,2.25,1.01,89.3333333333333
1.0,1500.0,0.0,2.0,0.78,8.2,2.25,1.01,80.4444444444444
2.0,1500.0,0.0,2.0,0.78,8.2,2.25,1.01,76.4444444444444
5.0,1500.0,0.0,2.0,0.78,8.2,2.25,1.01,71.1111111111111
10.0,1500.0,0.0,2.0,0.78,8.2,2.25,1.01,65.7777777777778
20.0,1500.0,0.0,2.0,0.78,8.2,2.25,1.01,58.2222222222222
50.0,1500.0,0.0,2.0,0.78,8.2,2.25,1.01,44.8888888888889
100.0,1500.0,0.0,2.0,0.78,8.2,2.25,1.01,18.2222222222222
0.5,1886.0,0.0,2.0,0.93,6.3,2.444,1.04,81.7777777777778
1.0,1886.0,0.0,2.0,0.93,6.3,2.444,1.04,76.0
2.0,1886.0,0.0,2.0,0.93,6.3,2.444,1.04,67.1111111111111
5.0,1886.0,0.0,2.0,0.93,6.3,2.444,1.04,62.2222222222222
10.0,1886.0,0.0,2.0,0.93,6.3,2.444,1.04,56.4444444444444
20.0,1886.0,0.0,2.0,0.93,6.3,2.444,1.04,50.6666666666667
50.0,1886.0,0.0,2.0,0.93,6.3,2.444,1.04,40.8888888888889
100.0,1886.0,0.0,2.0,0.93,6.3,2.444,1.04,28.4444444444444
0.5,1410.0,0.0,2.0,0.77,6.8,1.75,1.09,136.888888888889
1.0,1410.0,0.0,2.0,0.77,6.8,1.75,1.09,113.333333333333
2.0,1410.0,0.0,2.0,0.77,6.8,1.75,1.09,102.222222222222
5.0,1410.0,0.0,2.0,0.77,6.8,1.75,1.09,92.4444444444444
10.0,1410.0,0.0,2.0,0.77,6.8,1.75,1.09,85.7777777777778
20.0,1410.0,0.0,2.0,0.77,6.8,1.75,1.09,79.1111111111111
50.0,1410.0,0.0,2.0,0.77,6.8,1.75,1.09,72.0
100.0,1410.0,0.0,2.0,0.77,6.8,1.75,1.09,61.7777777777778
0.5,1655.0,0.0,2.0,0.81,4.3,2.522,1.05,73.3333333333333
1.0,1655.0,0.0,2.0,0.81,4.3,2.522,1.05,64.4444444444444
2.0,1655.0,0.0,2.0,0.81,4.3,2.522,1.05,59.1111111111111
5.0,1655.0,0.0,2.0,0.81,4.3,2.522,1.05,54.6666666666667
10.0,1655.0,0.0,2.0,0.81,4.3,2.522,1.05,51.5555555555556
20.0,1655.0,0.0,2.0,0.81,4.3,2.522,1.05,45.3333333333333
50.0,1655.0,0.0,2.0,0.81,4.3,2.522,1.05,41.7777777777778
100.0,1655.0,0.0,2.0,0.81,4.3,2.522,1.05,31.5555555555556
0.5,2813.0,0.0,1.5,1.82,11.54,1.755,1.01,194.0
1.0,2813.0,0.0,1.5,1.82,11.54,1.755,1.01,172.0
2.0,2813.0,0.0,1.5,1.82,11.54,1.755,1.01,152.0
4.0,2813.0,0.0,1.5,1.82,11.54,1.755,1.01,138.0
6.0,2813.0,0.0,1.5,1.82,11.54,1.755,1.01,129.0
8.0,2813.0,0.0,1.5,1.82,11.54,1.755,1.01,123.0
10.0,2813.0,0.0,1.5,1.82,11.54,1.755,1.01,119.0
15.0,2813.0,0.0,1.5,1.82,11.54,1.755,1.01,113.0
20.0,2813.0,0.0,1.5,1.82,11.54,1.755,1.01,108.0
30.0,2813.0,0.0,1.5,1.82,11.54,1.755,1.01,102.0
0.5,1274.8,13.57,1.0,0.551,6.15,2.50955414012739,1.97,127.5
1.0,1274.8,13.57,1.0,0.551,6.15,2.50955414012739,1.97,117.1
2.0,1274.8,13.57,1.0,0.551,6.15,2.50955414012739,1.97,106.8
5.0,1274.8,13.57,1.0,0.551,6.15,2.50955414012739,1.97,87.8
10.0,1274.8,13.57,1.0,0.551,6.15,2.50955414012739,1.97,67.9
20.0,1274.8,13.57,1.0,0.551,6.15,2.50955414012739,1.97,42.4
30.0,1274.8,13.57,1.0,0.551,6.15,2.50955414012739,1.97,23.9
60.0,1274.8,13.57,1.0,0.551,6.15,2.50955414012739,1.97,17.4
0.5,3407.6,2.11,1.0,1.953,6.82,0.416243654822335,2.41,194.4
1.0,3407.6,2.11,1.0,1.953,6.82,0.416243654822335,2.41,178.5
2.0,3407.6,2.11,1.0,1.953,6.82,0.416243654822335,2.41,165.5
5.0,3407.6,2.11,1.0,1.953,6.82,0.416243654822335,2.41,147.4
10.0,3407.6,2.11,1.0,1.953,6.82,0.416243654822335,2.41,131.8
20.0,3407.6,2.11,1.0,1.953,6.82,0.416243654822335,2.41,113.7
30.0,3407.6,2.11,1.0,1.953,6.82,0.416243654822335,2.41,102.5
60.0,3407.6,2.11,1.0,1.953,6.82,0.416243654822335,2.41,77.9
0.5,3553.1,2.67,1.0,2.071,7.48,0.363396971691903,2.79,199.1
1.0,3553.1,2.67,1.0,2.071,7.48,0.363396971691903,2.79,183.0
2.0,3553.1,2.67,1.0,2.071,7.48,0.363396971691903,2.79,172.4
5.0,3553.1,2.67,1.0,2.071,7.48,0.363396971691903,2.79,159.6
10.0,3553.1,2.67,1.0,2.071,7.48,0.363396971691903,2.79,150.3
20.0,3553.1,2.67,1.0,2.071,7.48,0.363396971691903,2.79,139.9
30.0,3553.1,2.67,1.0,2.071,7.48,0.363396971691903,2.79,130.1
60.0,3553.1,2.67,1.0,2.071,7.48,0.363396971691903,2.79,118.8
0.5,3553.1,2.67,3.0,2.071,7.48,0.363396971691903,2.79,134.3
0.5,3553.1,2.67,5.0,2.071,7.48,0.363396971691903,2.79,112.6
0.5,3553.1,2.67,10.0,2.071,7.48,0.363396971691903,2.79,103.4
0.5,3553.1,2.67,20.0,2.071,7.48,0.363396971691903,2.79,94.0
0.5,3553.1,2.67,30.0,2.071,7.48,0.363396971691903,2.79,85.3
0.5,3553.1,2.67,45.0,2.071,7.48,0.363396971691903,2.79,73.5
0.5,3415.3,1.98,1.0,2.482,6.93,0.190407673860911,2.82,169.3
1.0,3415.3,1.98,1.0,2.482,6.93,0.190407673860911,2.82,155.4
2.0,3415.3,1.98,1.0,2.482,6.93,0.190407673860911,2.82,144.7
5.0,3415.3,1.98,1.0,2.482,6.93,0.190407673860911,2.82,134.0
10.0,3415.3,1.98,1.0,2.482,6.93,0.190407673860911,2.82,125.7
20.0,3415.3,1.98,1.0,2.482,6.93,0.190407673860911,2.82,118.9
30.0,3415.3,1.98,1.0,2.482,6.93,0.190407673860911,2.82,114.5
60.0,3415.3,1.98,1.0,2.482,6.93,0.190407673860911,2.82,105.9
